{
  "metric_results": [
    {
      "customer_id": 1960181009,
      "customer_name": "Intigral",
      "metric_key": "f_8458_9478_total_duration",
      "direct_table": {
        "mean": 0.13869884373620153,
        "median": 0.13858831953257322,
        "min": 0.12734397687017918,
        "max": 0.14981097169220448,
        "std_dev": 0.005257236969590029,
        "p95": 0.14773526694625616,
        "p99": 0.14981097169220448
      },
      "through_view": {
        "mean": 0.15757118554785848,
        "median": 0.1425156886689365,
        "min": 0.13528282195329666,
        "max": 0.8302548872306943,
        "std_dev": 0.09733020812709257,
        "p95": 0.1645405888557434,
        "p99": 0.8302548872306943
      },
      "overhead_absolute_seconds": 0.01887234181165695,
      "overhead_percentage": 13.60670449967934
    },
    {
      "customer_id": 1960183305,
      "customer_name": "NFL",
      "metric_key": "app_startup_time",
      "direct_table": {
        "mean": 0.0707237983867526,
        "median": 0.07037566881626844,
        "min": 0.06600489839911461,
        "max": 0.0747236367315054,
        "std_dev": 0.0019818456221346787,
        "p95": 0.07447458989918232,
        "p99": 0.0747236367315054
      },
      "through_view": {
        "mean": 0.0747894224524498,
        "median": 0.07400567457079887,
        "min": 0.07038625795394182,
        "max": 0.08503944147378206,
        "std_dev": 0.0030678473148218048,
        "p95": 0.08040695078670979,
        "p99": 0.08503944147378206
      },
      "overhead_absolute_seconds": 0.004065624065697188,
      "overhead_percentage": 5.748594049579111
    },
    {
      "customer_id": 1960183305,
      "customer_name": "NFL",
      "metric_key": "f_183_7200_total_duration",
      "direct_table": {
        "mean": 0.0693106352351606,
        "median": 0.06946504907682538,
        "min": 0.06465003453195095,
        "max": 0.07440295536071062,
        "std_dev": 0.0022844012252066443,
        "p95": 0.07311788387596607,
        "p99": 0.07440295536071062
      },
      "through_view": {
        "mean": 0.07193639332428575,
        "median": 0.07189831556752324,
        "min": 0.06773140653967857,
        "max": 0.07572384364902973,
        "std_dev": 0.0019867531185659925,
        "p95": 0.07529974728822708,
        "p99": 0.07572384364902973
      },
      "overhead_absolute_seconds": 0.0026257580891251575,
      "overhead_percentage": 3.7883913200569497
    },
    {
      "customer_id": 1960181009,
      "customer_name": "Intigral",
      "metric_key": "app_startup_time",
      "direct_table": {
        "mean": 0.14100992752239108,
        "median": 0.13931617559865117,
        "min": 0.13081671297550201,
        "max": 0.16130154207348824,
        "std_dev": 0.005567486293380287,
        "p95": 0.15031575970351696,
        "p99": 0.16130154207348824
      },
      "through_view": {
        "mean": 0.14401718217879533,
        "median": 0.14373983535915613,
        "min": 0.13609215151518583,
        "max": 0.1542409136891365,
        "std_dev": 0.004430317065928349,
        "p95": 0.15245623607188463,
        "p99": 0.1542409136891365
      },
      "overhead_absolute_seconds": 0.0030072546564042513,
      "overhead_percentage": 2.1326545649963027
    },
    {
      "customer_id": 1960181845,
      "customer_name": "SlingTV",
      "metric_key": "f_202_363_success",
      "direct_table": {
        "mean": 1.6378355474583806,
        "median": 1.6402363004162908,
        "min": 1.5980500476434827,
        "max": 1.7042711395770311,
        "std_dev": 0.018842866932073002,
        "p95": 1.6566011626273394,
        "p99": 1.7042711395770311
      },
      "through_view": {
        "mean": 1.6678836056403816,
        "median": 1.6663500196300447,
        "min": 1.6305091232061386,
        "max": 1.7548642186447978,
        "std_dev": 0.018789054001335546,
        "p95": 1.6985073694959283,
        "p99": 1.7548642186447978
      },
      "overhead_absolute_seconds": 0.03004805818200107,
      "overhead_percentage": 1.8346199793153914
    },
    {
      "customer_id": 1960181845,
      "customer_name": "SlingTV",
      "metric_key": "app_startup_time",
      "direct_table": {
        "mean": 1.6358676649816335,
        "median": 1.6393440756946802,
        "min": 1.5954603143036366,
        "max": 1.7090838951990008,
        "std_dev": 0.020722298232551693,
        "p95": 1.6600025156512856,
        "p99": 1.7090838951990008
      },
      "through_view": {
        "mean": 1.6618958508037032,
        "median": 1.6641262327320874,
        "min": 1.619417549110949,
        "max": 1.728903442621231,
        "std_dev": 0.020217152312104796,
        "p95": 1.6929452996701002,
        "p99": 1.728903442621231
      },
      "overhead_absolute_seconds": 0.02602818582206967,
      "overhead_percentage": 1.591093606117699
    },
    {
      "customer_id": 1960183305,
      "customer_name": "NFL",
      "metric_key": "f_183_7200_success",
      "direct_table": {
        "mean": 0.06915319519117474,
        "median": 0.0692393365316093,
        "min": 0.06265204586088657,
        "max": 0.07515323255211115,
        "std_dev": 0.002019685936701587,
        "p95": 0.07173840422183275,
        "p99": 0.07515323255211115
      },
      "through_view": {
        "mean": 0.07022349305450916,
        "median": 0.07023767475038767,
        "min": 0.06676697731018066,
        "max": 0.07376538868993521,
        "std_dev": 0.0017046737213601423,
        "p95": 0.072597187012434,
        "p99": 0.07376538868993521
      },
      "overhead_absolute_seconds": 0.0010702978633344157,
      "overhead_percentage": 1.5477200444253745
    },
    {
      "customer_id": 1960181845,
      "customer_name": "SlingTV",
      "metric_key": "f_202_363_total_duration",
      "direct_table": {
        "mean": 1.6416707131825388,
        "median": 1.6402570032514632,
        "min": 1.5962199019268155,
        "max": 1.6963799884542823,
        "std_dev": 0.014783872908075573,
        "p95": 1.664047378115356,
        "p99": 1.6963799884542823
      },
      "through_view": {
        "mean": 1.665244610272348,
        "median": 1.6634328458458185,
        "min": 1.6361196991056204,
        "max": 1.7610835582017899,
        "std_dev": 0.017824465501462994,
        "p95": 1.6843295050784945,
        "p99": 1.7610835582017899
      },
      "overhead_absolute_seconds": 0.02357389708980917,
      "overhead_percentage": 1.4359698872929805
    },
    {
      "customer_id": 1960181009,
      "customer_name": "Intigral",
      "metric_key": "f_8458_9478_success",
      "direct_table": {
        "mean": 0.13956263920292258,
        "median": 0.13893710914999247,
        "min": 0.13061325158923864,
        "max": 0.14961509499698877,
        "std_dev": 0.004936458502709341,
        "p95": 0.1485461089760065,
        "p99": 0.14961509499698877
      },
      "through_view": {
        "mean": 0.1399008903093636,
        "median": 0.13970035128295422,
        "min": 0.13053653668612242,
        "max": 0.15042204782366753,
        "std_dev": 0.004194701300426462,
        "p95": 0.1480875387787819,
        "p99": 0.15042204782366753
      },
      "overhead_absolute_seconds": 0.00033825110644100653,
      "overhead_percentage": 0.24236508307154686
    }
  ],
  "overall_stats": {
    "direct_table": {
      "mean": 0.6159814405441284,
      "median": 0.13956263920292258,
      "min": 0.06915319519117474,
      "max": 1.6416707131825388,
      "std_dev": 0.767458443167581,
      "p95": 1.6416707131825388,
      "p99": 1.6416707131825388
    },
    "through_view": {
      "mean": 0.6281625148426327,
      "median": 0.14401718217879533,
      "min": 0.07022349305450916,
      "max": 1.6678836056403816,
      "std_dev": 0.7783252352970709,
      "p95": 1.6678836056403816,
      "p99": 1.6678836056403816
    },
    "average_overhead_percentage": 3.5475681149482994
  },